Store No,Store Name,QSC Stars
346,Old Cutler,5
871,Florida City,5
1677,Colonial - Palmetto Bay SW 160TH,5
1771,Country Walk - Miami SW 152nd St,5
2118,Naranja,5
3013,Quail Roost,5
1848,West Kendall - 107th Ave,5
1891,Sw 137th Ave,5
1972,Ludlam - 40th St,5
2627,Hialeah Drive,5
2766,Westlake - SW 40th St,5
4032,Airpark Plaza,5
1864,Hialeah Gardens,5
1954,North Kendall - SW 147th Ave,5
2042,Flagler,5
2602,Doral,5
2893,Wynwood,5
2890,119th Plaza,3
205,Lauderhill Oakland Park,4
420,Deerfield,5
883,Hallandale Beach,5
1252,Fort Lauderdale Broward Blvd,5
1726,Fort Lauderdale E. Commercial,4
1841,Fort Lauderdale S Federal,5
1847,Pompano Beach,5
79,Plantation W Sunrise,5
183,Margate Atlantic,5
1096,Tamarac,5
1167,Pembroke Pines Pines Blvd,3
2048,Coral Springs,4
2290,Flamingo Pines,4
2976,Weston,5
2013,Palm Springs,4
2497,Royal Palm Beach,4
2696,Okeechobee Jog,4
2885,Lantana,5
2974,Delray,4
3200,Jupiter,5
3317,Boca Raton,5
